workload	category	backend	sample	elapsed_ns	user_cpu_ns	system_cpu_ns	voluntary_context_switches	involuntary_context_switches	operations	byte_count
echo	application	ptrace	1	67445825	2394000	50174000	319	161	0	0
echo	application	kvm	1	118080963	2913000	16254000	12	8	0	0
ls-64	application	ptrace	1	119211191	3743000	80322000	551	265	0	0
ls-64	application	kvm	1	169404121	6845000	14102000	14	14	0	0
true	application	ptrace	1	116846506	3689000	44008000	293	137	0	0
true	application	kvm	1	66835452	1103000	15951000	14	6	0	0
pwd	application	ptrace	1	66810974	2141000	50164000	320	157	0	0
pwd	application	kvm	1	167260490	4656000	12759000	12	12	0	0
seq-10	application	ptrace	1	69779824	299000	52704000	318	152	0	0
seq-10	application	kvm	1	168355506	3730000	25269000	13	3	0	0
head-readme	application	ptrace	1	67319544	1461000	53911000	341	167	0	0
head-readme	application	kvm	1	118557543	1923000	15649000	12	16	0	0
base64-readme	application	ptrace	1	317702630	3134000	203123000	373	814	0	0
base64-readme	application	kvm	1	167614564	3649000	14874000	16	3	0	0
id-u	application	ptrace	1	120348240	6990000	70291000	451	234	0	0
id-u	application	kvm	1	67594419	2127000	18794000	13	2	0	0
printf	application	ptrace	1	67186803	2047000	52971000	326	156	0	0
printf	application	kvm	1	66715191	4040000	13354000	14	3	0	0
cat-stream	throughput	ptrace	1	217445126	7344000	191766000	1374	679	0	16777216
cat-stream	throughput	kvm	1	169835984	8894000	20475000	13	4	0	16777216
syscall-baseline	microbaseline	ptrace	1	70008449	2376000	47896000	289	145	0	0
syscall-baseline	microbaseline	kvm	1	172640133	2695000	14116000	13	14	0	0
syscall-loop	syscall	ptrace	1	5839620304	38182000	5497733000	40480	20290	10000	0
syscall-loop	syscall	kvm	1	217798401	79032000	82099000	13	6	10000	0
pipe-baseline	microbaseline	ptrace	1	67665656	3210000	48354000	310	150	0	0
pipe-baseline	microbaseline	kvm	1	68322110	4196000	14424000	14	2	0	0
pipe-roundtrip	boundary	ptrace	1	1222036749	13008000	1143263000	8339	4163	2000	0
pipe-roundtrip	boundary	kvm	1	167362844	54458000	34781000	12	1	2000	0
echo	application	kvm	2	167328302	1925000	15740000	13	4	0	0
echo	application	ptrace	2	66980311	2708000	50466000	317	153	0	0
ls-64	application	kvm	2	66601889	6971000	12337000	13	3	0	0
ls-64	application	ptrace	2	126974920	1890000	84454000	550	265	0	0
true	application	kvm	2	122840609	3071000	16092000	13	2	0	0
true	application	ptrace	2	66902613	4326000	45026000	291	138	0	0
pwd	application	kvm	2	118768112	4133000	17870000	13	4	0	0
pwd	application	ptrace	2	67029926	3797000	49100000	321	157	0	0
seq-10	application	kvm	2	167144694	2021000	14259000	15	6	0	0
seq-10	application	ptrace	2	66608478	2059000	50209000	322	153	0	0
head-readme	application	kvm	2	167395303	0	16823000	13	3	0	0
head-readme	application	ptrace	2	67361758	1173000	53807000	342	167	0	0
base64-readme	application	kvm	2	267392975	4157000	12459000	13	3	0	0
base64-readme	application	ptrace	2	66602350	2317000	56805000	366	176	0	0
id-u	application	kvm	2	117578793	6037000	13060000	14	7	0	0
id-u	application	ptrace	2	117190176	4925000	65656000	449	220	0	0
printf	application	kvm	2	120396794	2057000	16643000	13	4	0	0
printf	application	ptrace	2	66647308	4807000	47554000	320	155	0	0
cat-stream	throughput	kvm	2	116556808	10169000	15913000	13	3	0	16777216
cat-stream	throughput	ptrace	2	217343753	4269000	193941000	1373	679	0	16777216
syscall-baseline	microbaseline	kvm	2	116030863	1932000	12989000	14	3	0	0
syscall-baseline	microbaseline	ptrace	2	66342778	851000	46959000	291	137	0	0
syscall-loop	syscall	kvm	2	217321660	87805000	66578000	13	5	10000	0
syscall-loop	syscall	ptrace	2	5693600910	42655000	5409738000	40429	20189	10000	0
pipe-baseline	microbaseline	kvm	2	66852357	1011000	17039000	14	6	0	0
pipe-baseline	microbaseline	ptrace	2	66655110	1377000	47314000	312	149	0	0
pipe-roundtrip	boundary	kvm	2	167304976	51356000	33032000	12	12	2000	0
pipe-roundtrip	boundary	ptrace	2	1170401970	20187000	1101225000	8330	4172	2000	0
echo	application	ptrace	3	66865938	1305000	49379000	317	154	0	0
echo	application	kvm	3	116932066	3537000	13476000	13	3	0	0
ls-64	application	ptrace	3	116543849	4195000	77777000	548	267	0	0
ls-64	application	kvm	3	66751976	4082000	14584000	13	3	0	0
true	application	ptrace	3	66542029	1186000	44130000	289	136	0	0
true	application	kvm	3	66530180	2701000	14005000	14	3	0	0
pwd	application	ptrace	3	66753068	2262000	49311000	321	157	0	0
pwd	application	kvm	3	116636168	1905000	14382000	14	6	0	0
seq-10	application	ptrace	3	66540055	1219000	51005000	322	153	0	0
seq-10	application	kvm	3	67106902	3038000	14221000	13	2	0	0
head-readme	application	ptrace	3	67166422	4447000	50140000	340	165	0	0
head-readme	application	kvm	3	116888209	3849000	11787000	13	3	0	0
base64-readme	application	ptrace	3	67163187	3682000	51083000	365	176	0	0
base64-readme	application	kvm	3	116214861	2908000	11674000	13	3	0	0
id-u	application	ptrace	3	116524299	3615000	65518000	450	220	0	0
id-u	application	kvm	3	66368566	1997000	15353000	12	3	0	0
printf	application	ptrace	3	67197810	5254000	46584000	320	152	0	0
printf	application	kvm	3	66624994	3063000	14370000	14	2	0	0
cat-stream	throughput	ptrace	3	267268677	2960000	190332000	1368	675	0	16777216
cat-stream	throughput	kvm	3	121519822	6818000	18976000	13	2	0	16777216
syscall-baseline	microbaseline	ptrace	3	66799798	1070000	47671000	289	141	0	0
syscall-baseline	microbaseline	kvm	3	116807337	2639000	13692000	14	2	0	0
syscall-loop	syscall	ptrace	3	5686240463	35125000	5342465000	40389	20157	10000	0
syscall-loop	syscall	kvm	3	217105762	74015000	71737000	14	4	10000	0
pipe-baseline	microbaseline	ptrace	3	66787239	3751000	48588000	310	153	0	0
pipe-baseline	microbaseline	kvm	3	116902020	1809000	15393000	14	6	0	0
pipe-roundtrip	boundary	ptrace	3	1219974200	20281000	1116305000	8330	4154	2000	0
pipe-roundtrip	boundary	kvm	3	267169788	52441000	30930000	13	5	2000	0
echo	application	kvm	4	167020998	5544000	11821000	14	3	0	0
echo	application	ptrace	4	66703313	3319000	48700000	318	153	0	0
ls-64	application	kvm	4	116688267	2943000	15585000	15	2	0	0
ls-64	application	ptrace	4	117006688	2446000	79629000	548	266	0	0
true	application	kvm	4	217779391	3181000	13629000	13	2	0	0
true	application	ptrace	4	69167167	1405000	45922000	290	141	0	0
pwd	application	kvm	4	116910293	3151000	13514000	14	3	0	0
pwd	application	ptrace	4	67719299	2426000	55868000	333	160	0	0
seq-10	application	kvm	4	117834310	3098000	15460000	14	2	0	0
seq-10	application	ptrace	4	67032049	907000	50677000	322	153	0	0
head-readme	application	kvm	4	116547544	3082000	12133000	14	4	0	0
head-readme	application	ptrace	4	66643291	2087000	52435000	344	165	0	0
base64-readme	application	kvm	4	267632518	5197000	12472000	13	6	0	0
base64-readme	application	ptrace	4	117823784	1294000	59956000	367	182	0	0
id-u	application	kvm	4	116762439	5082000	12916000	14	4	0	0
id-u	application	ptrace	4	116876081	2404000	66433000	448	217	0	0
printf	application	kvm	4	66553496	1066000	14658000	14	2	0	0
printf	application	ptrace	4	113293735	4218000	48107000	316	154	0	0
cat-stream	throughput	kvm	4	66774249	9611000	17080000	13	4	0	16777216
cat-stream	throughput	ptrace	4	217263822	4754000	191117000	1372	682	0	16777216
syscall-baseline	microbaseline	kvm	4	224494485	2034000	15131000	15	7	0	0
syscall-baseline	microbaseline	ptrace	4	66722331	2667000	47217000	291	138	0	0
syscall-loop	syscall	kvm	4	217012242	89755000	55755000	13	5	10000	0
syscall-loop	syscall	ptrace	4	5680866897	39055000	5388041000	40412	20173	10000	0
pipe-baseline	microbaseline	kvm	4	117436217	1073000	18243000	14	3	0	0
pipe-baseline	microbaseline	ptrace	4	67327705	203000	52367000	309	149	0	0
pipe-roundtrip	boundary	kvm	4	166650818	55770000	28258000	12	7	2000	0
pipe-roundtrip	boundary	ptrace	4	1269343103	16138000	1102403000	8324	4154	2000	0
echo	application	ptrace	5	66554107	2468000	47934000	325	152	0	0
echo	application	kvm	5	116199247	2137000	13532000	13	4	0	0
ls-64	application	ptrace	5	117461466	1464000	82310000	543	268	0	0
ls-64	application	kvm	5	118244500	6046000	14047000	14	5	0	0
true	application	ptrace	5	66889022	1326000	46538000	289	137	0	0
true	application	kvm	5	67748192	3051000	14251000	15	3	0	0
pwd	application	ptrace	5	66553817	1688000	50169000	330	151	0	0
pwd	application	kvm	5	66194923	3017000	11155000	14	3	0	0
seq-10	application	ptrace	5	66243717	3978000	46296000	316	154	0	0
seq-10	application	kvm	5	66331951	1996000	14378000	14	3	0	0
head-readme	application	ptrace	5	66328957	2773000	50866000	347	165	0	0
head-readme	application	kvm	5	66447916	3100000	13321000	13	3	0	0
base64-readme	application	ptrace	5	66528668	3978000	55288000	369	183	0	0
base64-readme	application	kvm	5	66715230	3339000	12888000	13	3	0	0
id-u	application	ptrace	5	116926287	6214000	63863000	450	216	0	0
id-u	application	kvm	5	116687795	7852000	12019000	12	3	0	0
printf	application	ptrace	5	67043337	1280000	52164000	321	154	0	0
printf	application	kvm	5	116392320	3892000	12552000	14	3	0	0
cat-stream	throughput	ptrace	5	217106845	1887000	193770000	1373	681	0	16777216
cat-stream	throughput	kvm	5	116409586	10759000	16225000	14	3	0	16777216
syscall-baseline	microbaseline	ptrace	5	67701581	1994000	46939000	288	137	0	0
syscall-baseline	microbaseline	kvm	5	117396017	5435000	12646000	13	6	0	0
syscall-loop	syscall	ptrace	5	5743740261	58114000	5425574000	40494	20228	10000	0
syscall-loop	syscall	kvm	5	218084853	83118000	63225000	13	8	10000	0
pipe-baseline	microbaseline	ptrace	5	66525322	1194000	47241000	312	147	0	0
pipe-baseline	microbaseline	kvm	5	67012590	1795000	12285000	12	5	0	0
pipe-roundtrip	boundary	ptrace	5	1218427907	17570000	1110084000	8338	4153	2000	0
pipe-roundtrip	boundary	kvm	5	167768727	52571000	29130000	13	4	2000	0
echo	application	kvm	6	116614204	5057000	11129000	14	3	0	0
echo	application	ptrace	6	67104128	1055000	52254000	319	155	0	0
ls-64	application	kvm	6	116421944	2934000	15112000	13	3	0	0
ls-64	application	ptrace	6	117668428	2126000	81647000	548	266	0	0
true	application	kvm	6	66350588	998000	15548000	14	4	0	0
true	application	ptrace	6	66838306	3921000	44518000	295	142	0	0
pwd	application	kvm	6	117461606	3977000	13573000	13	4	0	0
pwd	application	ptrace	6	68141556	2164000	51347000	327	158	0	0
seq-10	application	kvm	6	217711568	1167000	16952000	14	7	0	0
seq-10	application	ptrace	6	66822933	1256000	51859000	323	155	0	0
head-readme	application	kvm	6	117169924	3159000	14882000	13	5	0	0
head-readme	application	ptrace	6	66187101	5441000	49234000	344	162	0	0
base64-readme	application	kvm	6	117133589	2294000	15218000	14	2	0	0
base64-readme	application	ptrace	6	66522970	1778000	56557000	363	178	0	0
id-u	application	kvm	6	116685273	4033000	14282000	13	3	0	0
id-u	application	ptrace	6	116540653	3446000	66402000	452	218	0	0
printf	application	kvm	6	116651600	3086000	13934000	13	2	0	0
printf	application	ptrace	6	66661789	2793000	48380000	318	154	0	0
cat-stream	throughput	kvm	6	117098887	6168000	19411000	14	3	0	16777216
cat-stream	throughput	ptrace	6	217086483	2798000	191287000	1371	677	0	16777216
syscall-baseline	microbaseline	kvm	6	116357797	3933000	11205000	14	4	0	0
syscall-baseline	microbaseline	ptrace	6	166701283	3100000	44188000	292	136	0	0
syscall-loop	syscall	kvm	6	216613158	89126000	65204000	12	8	10000	0
syscall-loop	syscall	ptrace	6	5779469473	35125000	5428728000	40365	20186	10000	0
pipe-baseline	microbaseline	kvm	6	117417719	3800000	12248000	12	3	0	0
pipe-baseline	microbaseline	ptrace	6	66370509	4186000	44918000	307	148	0	0
pipe-roundtrip	boundary	kvm	6	166734624	56522000	25892000	13	4	2000	0
pipe-roundtrip	boundary	ptrace	6	1219769925	12660000	1133324000	8329	4153	2000	0
echo	application	ptrace	7	66912929	1812000	50478000	323	153	0	0
echo	application	kvm	7	117010823	4088000	13043000	14	2	0	0
ls-64	application	ptrace	7	117160620	2648000	81373000	547	264	0	0
ls-64	application	kvm	7	67161344	5915000	15077000	12	4	0	0
true	application	ptrace	7	66924315	2768000	45455000	285	138	0	0
true	application	kvm	7	116740475	2113000	14346000	13	2	0	0
pwd	application	ptrace	7	65949412	3227000	51342000	327	165	0	0
pwd	application	kvm	7	117639003	2689000	14632000	13	6	0	0
seq-10	application	ptrace	7	66330708	2202000	50245000	327	151	0	0
seq-10	application	kvm	7	116335273	4059000	11273000	12	3	0	0
head-readme	application	ptrace	7	66081862	4378000	49367000	344	163	0	0
head-readme	application	kvm	7	116855058	2270000	14896000	14	2	0	0
base64-readme	application	ptrace	7	66432932	3444000	57010000	367	178	0	0
base64-readme	application	kvm	7	116757011	3843000	13710000	13	4	0	0
id-u	application	ptrace	7	116804692	3052000	67002000	452	220	0	0
id-u	application	kvm	7	116277175	3910000	14974000	13	2	0	0
printf	application	ptrace	7	67936826	3049000	51350000	317	159	0	0
printf	application	kvm	7	166744819	2018000	14263000	13	4	0	0
cat-stream	throughput	ptrace	7	216884718	4933000	188619000	1379	676	0	16777216
cat-stream	throughput	kvm	7	266632484	7125000	18846000	12	3	0	16777216
syscall-baseline	microbaseline	ptrace	7	66423438	2438000	44241000	285	139	0	0
syscall-baseline	microbaseline	kvm	7	118158299	5086000	14227000	13	4	0	0
syscall-loop	syscall	ptrace	7	5728826163	36124000	5420017000	40372	20155	10000	0
syscall-loop	syscall	kvm	7	219478520	84407000	67270000	13	4	10000	0
pipe-baseline	microbaseline	ptrace	7	66788270	3320000	47094000	310	146	0	0
pipe-baseline	microbaseline	kvm	7	116340711	4372000	11811000	13	4	0	0
pipe-roundtrip	boundary	ptrace	7	1219350812	11761000	1143758000	8340	4159	2000	0
pipe-roundtrip	boundary	kvm	7	217260626	57328000	29919000	13	5	2000	0
echo	application	kvm	8	117725595	4142000	13391000	14	2	0	0
echo	application	ptrace	8	66303387	3652000	47559000	320	154	0	0
ls-64	application	kvm	8	317380522	3925000	17774000	14	3	0	0
ls-64	application	ptrace	8	116973769	3896000	80036000	545	267	0	0
true	application	kvm	8	216680128	1943000	14696000	14	2	0	0
true	application	ptrace	8	66987872	263000	47277000	288	138	0	0
pwd	application	kvm	8	116768888	1175000	15456000	12	3	0	0
pwd	application	ptrace	8	66570110	4886000	49099000	327	156	0	0
seq-10	application	kvm	8	116894759	4114000	14340000	14	3	0	0
seq-10	application	ptrace	8	66792517	2178000	51147000	321	153	0	0
head-readme	application	kvm	8	66778626	1017000	18034000	13	2	0	0
head-readme	application	ptrace	8	66550421	3862000	50780000	339	164	0	0
base64-readme	application	kvm	8	167007456	5626000	14839000	14	4	0	0
base64-readme	application	ptrace	8	167623838	2312000	55601000	364	176	0	0
id-u	application	kvm	8	266969533	5279000	13280000	14	3	0	0
id-u	application	ptrace	8	116563838	2110000	68147000	452	220	0	0
printf	application	kvm	8	116648426	931000	14728000	14	5	0	0
printf	application	ptrace	8	66318580	1900000	48437000	317	153	0	0
cat-stream	throughput	kvm	8	216872088	8738000	16487000	14	3	0	16777216
cat-stream	throughput	ptrace	8	217087334	4215000	191844000	1371	682	0	16777216
syscall-baseline	microbaseline	kvm	8	117107941	2169000	14459000	14	2	0	0
syscall-baseline	microbaseline	ptrace	8	67109847	184000	47970000	286	140	0	0
syscall-loop	syscall	kvm	8	216957958	83399000	66151000	14	5	10000	0
syscall-loop	syscall	ptrace	8	5734409795	35064000	5448904000	40397	20175	10000	0
pipe-baseline	microbaseline	kvm	8	116750741	3828000	12903000	14	4	0	0
pipe-baseline	microbaseline	ptrace	8	67538425	3009000	47674000	307	148	0	0
pipe-roundtrip	boundary	kvm	8	166913735	55760000	29274000	12	4	2000	0
pipe-roundtrip	boundary	ptrace	8	1223596711	16723000	1134727000	8328	4155	2000	0
echo	application	ptrace	9	67668992	3285000	48546000	321	153	0	0
echo	application	kvm	9	116776049	1931000	15264000	13	3	0	0
ls-64	application	ptrace	9	116777852	378000	83067000	544	273	0	0
ls-64	application	kvm	9	116643749	2052000	17428000	14	2	0	0
true	application	ptrace	9	67355508	3079000	43679000	287	137	0	0
true	application	kvm	9	116824622	1459000	14148000	13	3	0	0
pwd	application	ptrace	9	66672365	1399000	50123000	324	155	0	0
pwd	application	kvm	9	66596560	1826000	14226000	12	3	0	0
seq-10	application	ptrace	9	66708820	930000	50900000	323	156	0	0
seq-10	application	kvm	9	116710991	927000	16867000	13	2	0	0
head-readme	application	ptrace	9	66182525	2218000	51539000	343	165	0	0
head-readme	application	kvm	9	116346850	2948000	12746000	13	3	0	0
base64-readme	application	ptrace	9	66414816	253000	56397000	365	176	0	0
base64-readme	application	kvm	9	66652144	0	15833000	13	6	0	0
id-u	application	ptrace	9	116897793	5176000	66447000	453	222	0	0
id-u	application	kvm	9	217068356	5223000	13639000	13	2	0	0
printf	application	ptrace	9	66662379	1268000	50975000	324	152	0	0
printf	application	kvm	9	168529828	2010000	15082000	14	3	0	0
cat-stream	throughput	ptrace	9	266913398	2749000	190725000	1370	680	0	16777216
cat-stream	throughput	kvm	9	166558428	14068000	11795000	14	3	0	16777216
syscall-baseline	microbaseline	ptrace	9	66944357	4536000	41927000	287	145	0	0
syscall-baseline	microbaseline	kvm	9	117472141	3912000	11785000	14	2	0	0
syscall-loop	syscall	ptrace	9	5678972267	28529000	5388511000	40387	20185	10000	0
syscall-loop	syscall	kvm	9	218464987	89001000	61930000	12	6	10000	0
pipe-baseline	microbaseline	ptrace	9	67038919	845000	49941000	311	148	0	0
pipe-baseline	microbaseline	kvm	9	117288223	2180000	15832000	14	5	0	0
pipe-roundtrip	boundary	ptrace	9	1219588712	12168000	1113848000	8331	4152	2000	0
pipe-roundtrip	boundary	kvm	9	168053818	56461000	29275000	11	9	2000	0
echo	application	kvm	10	67014662	3113000	12543000	14	3	0	0
echo	application	ptrace	10	67294465	1385000	51636000	322	153	0	0
ls-64	application	kvm	10	67456010	5855000	15055000	13	3	0	0
ls-64	application	ptrace	10	117773437	5743000	79869000	545	269	0	0
true	application	kvm	10	117280482	3193000	15570000	14	3	0	0
true	application	ptrace	10	67483691	2200000	47988000	289	137	0	0
pwd	application	kvm	10	118376219	2874000	16606000	13	6	0	0
pwd	application	ptrace	10	67489941	4480000	50975000	333	163	0	0
seq-10	application	kvm	10	67043356	6006000	12843000	14	4	0	0
seq-10	application	ptrace	10	66992789	2930000	50890000	319	156	0	0
head-readme	application	kvm	10	67157178	3956000	14075000	15	2	0	0
head-readme	application	ptrace	10	67116377	4229000	52990000	347	171	0	0
base64-readme	application	kvm	10	67076426	2988000	15016000	14	5	0	0
base64-readme	application	ptrace	10	116848248	3188000	55745000	365	180	0	0
id-u	application	kvm	10	66598454	3852000	15536000	14	3	0	0
id-u	application	ptrace	10	116919926	2646000	67030000	448	218	0	0
printf	application	kvm	10	66864645	2992000	15753000	13	4	0	0
printf	application	ptrace	10	66642950	5282000	48127000	319	158	0	0
cat-stream	throughput	kvm	10	117379481	11370000	17098000	14	4	0	16777216
cat-stream	throughput	ptrace	10	218416293	5998000	189513000	1372	680	0	16777216
syscall-baseline	microbaseline	kvm	10	117164065	2288000	15095000	14	7	0	0
syscall-baseline	microbaseline	ptrace	10	67037577	1297000	48945000	290	141	0	0
syscall-loop	syscall	kvm	10	218189871	85593000	70533000	13	17	10000	0
syscall-loop	syscall	ptrace	10	5682050162	39995000	5403930000	40366	20182	10000	0
pipe-baseline	microbaseline	kvm	10	116618051	1030000	15852000	13	3	0	0
pipe-baseline	microbaseline	ptrace	10	67401628	4126000	47928000	321	146	0	0
pipe-roundtrip	boundary	kvm	10	166425636	51985000	32484000	11	25	2000	0
pipe-roundtrip	boundary	ptrace	10	1219104019	17209000	1120438000	8345	4152	2000	0
echo	application	ptrace	11	66603771	3901000	47565000	321	154	0	0
echo	application	kvm	11	117556068	3396000	13533000	14	3	0	0
ls-64	application	ptrace	11	116729018	1955000	82504000	552	268	0	0
ls-64	application	kvm	11	66590672	4044000	14237000	13	2	0	0
true	application	ptrace	11	66597081	2204000	46626000	287	140	0	0
true	application	kvm	11	266608418	889000	14001000	12	5	0	0
pwd	application	ptrace	11	67459665	1844000	56156000	328	159	0	0
pwd	application	kvm	11	117415245	2815000	14952000	13	14	0	0
seq-10	application	ptrace	11	66492093	1819000	49832000	320	151	0	0
seq-10	application	kvm	11	417163990	2028000	17897000	13	3	0	0
head-readme	application	ptrace	11	65950784	3626000	49122000	342	161	0	0
head-readme	application	kvm	11	216565936	2262000	13801000	14	3	0	0
base64-readme	application	ptrace	11	66286582	3398000	53205000	365	175	0	0
base64-readme	application	kvm	11	116212757	857000	15590000	14	3	0	0
id-u	application	ptrace	11	116491930	2084000	66768000	448	218	0	0
id-u	application	kvm	11	166100375	1984000	15137000	13	4	0	0
printf	application	ptrace	11	66778886	3404000	48462000	325	156	0	0
printf	application	kvm	11	66062654	2061000	13425000	12	4	0	0
cat-stream	throughput	ptrace	11	216353805	3103000	190883000	1375	680	0	16777216
cat-stream	throughput	kvm	11	116302463	9690000	15900000	14	4	0	16777216
syscall-baseline	microbaseline	ptrace	11	66070765	1871000	44596000	286	135	0	0
syscall-baseline	microbaseline	kvm	11	66372701	4150000	11493000	14	3	0	0
syscall-loop	syscall	ptrace	11	5628039219	38643000	5367438000	40380	20165	10000	0
syscall-loop	syscall	kvm	11	217596364	81690000	68195000	13	6	10000	0
pipe-baseline	microbaseline	ptrace	11	65933948	3381000	45003000	312	148	0	0
pipe-baseline	microbaseline	kvm	11	166399958	1157000	14391000	13	3	0	0
pipe-roundtrip	boundary	ptrace	11	1218747099	17916000	1118645000	8335	4151	2000	0
pipe-roundtrip	boundary	kvm	11	166550114	53362000	32439000	13	5	2000	0
echo	application	kvm	12	67118780	4259000	14001000	12	4	0	0
echo	application	ptrace	12	68111431	2858000	51072000	328	168	0	0
ls-64	application	kvm	12	67359143	6232000	15705000	13	17	0	0
ls-64	application	ptrace	12	117178717	5528000	79266000	551	265	0	0
true	application	kvm	12	116347481	5347000	10775000	14	5	0	0
true	application	ptrace	12	70941280	3427000	43684000	290	140	0	0
pwd	application	kvm	12	117056464	2964000	13748000	13	3	0	0
pwd	application	ptrace	12	66741859	4238000	47754000	320	158	0	0
seq-10	application	kvm	12	116928179	3160000	13659000	14	3	0	0
seq-10	application	ptrace	12	67481869	2019000	51024000	323	149	0	0
head-readme	application	kvm	12	117135743	3955000	14237000	12	3	0	0
head-readme	application	ptrace	12	117031475	2531000	53988000	340	171	0	0
base64-readme	application	kvm	12	67040562	982000	18121000	12	5	0	0
base64-readme	application	ptrace	12	68391284	3952000	55402000	367	176	0	0
id-u	application	kvm	12	68034395	3998000	16250000	13	18	0	0
id-u	application	ptrace	12	118410410	1990000	72196000	455	238	0	0
printf	application	kvm	12	70317536	1062000	17778000	14	7	0	0
printf	application	ptrace	12	68995128	1320000	52206000	326	153	0	0
cat-stream	throughput	kvm	12	167568935	8286000	19422000	14	6	0	16777216
cat-stream	throughput	ptrace	12	217493729	3386000	192254000	1368	682	0	16777216
syscall-baseline	microbaseline	kvm	12	68487990	0	17083000	13	6	0	0
syscall-baseline	microbaseline	ptrace	12	67537223	3962000	43322000	290	138	0	0
syscall-loop	syscall	kvm	12	217590335	90397000	62121000	13	4	10000	0
syscall-loop	syscall	ptrace	12	5680716835	48583000	5377686000	40460	20309	10000	0
pipe-baseline	microbaseline	kvm	12	67082325	2792000	15840000	13	3	0	0
pipe-baseline	microbaseline	ptrace	12	67401598	2296000	50790000	313	150	0	0
pipe-roundtrip	boundary	kvm	12	167898393	54360000	34598000	14	10	2000	0
pipe-roundtrip	boundary	ptrace	12	1220252656	22278000	1122898000	8345	4174	2000	0
echo	application	ptrace	13	67466426	2863000	52421000	322	168	0	0
echo	application	kvm	13	117376136	3167000	14131000	14	4	0	0
ls-64	application	ptrace	13	121603848	5085000	78132000	550	268	0	0
ls-64	application	kvm	13	117559204	5153000	14859000	14	4	0	0
true	application	ptrace	13	66380634	3004000	47838000	287	141	0	0
true	application	kvm	13	66400654	2827000	12138000	13	7	0	0
pwd	application	ptrace	13	66571432	2097000	50982000	328	154	0	0
pwd	application	kvm	13	67236568	2944000	13565000	14	4	0	0
seq-10	application	ptrace	13	117958407	3144000	51071000	328	163	0	0
seq-10	application	kvm	13	118395748	2187000	15512000	12	15	0	0
head-readme	application	ptrace	13	67305002	5487000	51580000	342	166	0	0
head-readme	application	kvm	13	117101542	5309000	12499000	14	4	0	0
base64-readme	application	ptrace	13	66436839	3365000	52919000	372	179	0	0
base64-readme	application	kvm	13	66740918	4638000	11958000	12	5	0	0
id-u	application	ptrace	13	119213034	4962000	63254000	447	217	0	0
id-u	application	kvm	13	67384101	2867000	15306000	13	5	0	0
printf	application	ptrace	13	66725094	4053000	47291000	318	155	0	0
printf	application	kvm	13	116444448	2701000	12803000	14	4	0	0
cat-stream	throughput	ptrace	13	217206004	4066000	189900000	1374	682	0	16777216
cat-stream	throughput	kvm	13	66624843	8605000	14994000	13	2	0	16777216
syscall-baseline	microbaseline	ptrace	13	65908380	2153000	44729000	290	136	0	0
syscall-baseline	microbaseline	kvm	13	66894721	1921000	15007000	13	3	0	0
syscall-loop	syscall	ptrace	13	5630464907	45151000	5349998000	40392	20156	10000	0
syscall-loop	syscall	kvm	13	268697306	84203000	68170000	12	4	10000	0
pipe-baseline	microbaseline	ptrace	13	67463210	1496000	51194000	314	150	0	0
pipe-baseline	microbaseline	kvm	13	117328174	3832000	15649000	13	4	0	0
pipe-roundtrip	boundary	ptrace	13	1219356380	12463000	1133965000	8352	4167	2000	0
pipe-roundtrip	boundary	kvm	13	117527225	53490000	34404000	12	2	2000	0
echo	application	kvm	14	66494276	4012000	13609000	14	2	0	0
echo	application	ptrace	14	67142035	2206000	49673000	322	163	0	0
ls-64	application	kvm	14	116521875	6232000	13861000	13	2	0	0
ls-64	application	ptrace	14	116910422	1150000	83388000	550	268	0	0
true	application	kvm	14	116665222	2983000	13796000	13	2	0	0
true	application	ptrace	14	67331070	3534000	48231000	287	148	0	0
pwd	application	kvm	14	116913377	4880000	13044000	13	10	0	0
pwd	application	ptrace	14	66957436	1254000	52418000	330	164	0	0
seq-10	application	kvm	14	66600747	3019000	14028000	13	2	0	0
seq-10	application	ptrace	14	66555068	1408000	51438000	322	157	0	0
head-readme	application	kvm	14	116750129	2012000	16294000	14	4	0	0
head-readme	application	ptrace	14	66673417	4172000	51727000	343	167	0	0
base64-readme	application	kvm	14	116669879	3216000	15040000	13	2	0	0
base64-readme	application	ptrace	14	66762592	5079000	55611000	363	177	0	0
id-u	application	kvm	14	116869620	4264000	14964000	12	3	0	0
id-u	application	ptrace	14	217095837	1653000	71054000	451	220	0	0
printf	application	kvm	14	269850019	2768000	16559000	13	5	0	0
printf	application	ptrace	14	66797063	3157000	50987000	322	154	0	0
cat-stream	throughput	kvm	14	117021660	8595000	18699000	12	2	0	16777216
cat-stream	throughput	ptrace	14	217436933	4972000	198853000	1375	678	0	16777216
syscall-baseline	microbaseline	kvm	14	67232432	1907000	16071000	14	3	0	0
syscall-baseline	microbaseline	ptrace	14	67086621	4206000	44320000	287	138	0	0
syscall-loop	syscall	kvm	14	317389365	78002000	78394000	14	4	10000	0
syscall-loop	syscall	ptrace	14	10244444723	43814000	5498165000	47639	14603	10000	0
pipe-baseline	microbaseline	kvm	14	66869213	2661000	16791000	14	4	0	0
pipe-baseline	microbaseline	ptrace	14	116951714	4086000	48779000	386	91	0	0
pipe-roundtrip	boundary	kvm	14	418255911	64674000	26248000	13	30	2000	0
pipe-roundtrip	boundary	ptrace	14	2527140279	17520000	1147471000	10177	2790	2000	0
echo	application	ptrace	15	170810647	3744000	57102000	397	103	0	0
echo	application	kvm	15	118311410	1793000	21101000	13	4	0	0
ls-64	application	ptrace	15	216873570	2647000	81693000	553	267	0	0
ls-64	application	kvm	15	167222511	1783000	17999000	13	13	0	0
true	application	ptrace	15	116775278	2940000	45431000	361	83	0	0
true	application	kvm	15	116861719	2861000	14378000	11	4	0	0
pwd	application	ptrace	15	116876621	4240000	50748000	379	107	0	0
pwd	application	kvm	15	116675988	4254000	13451000	14	5	0	0
seq-10	application	ptrace	15	116821317	2473000	50970000	386	98	0	0
seq-10	application	kvm	15	166630086	3237000	13913000	13	6	0	0
head-readme	application	ptrace	15	116650308	2854000	52347000	387	120	0	0
head-readme	application	kvm	15	116570548	3531000	14746000	12	7	0	0
base64-readme	application	ptrace	15	166811951	4097000	55366000	435	123	0	0
base64-readme	application	kvm	15	116448934	1922000	15742000	13	3	0	0
id-u	application	ptrace	15	166686160	293000	70480000	510	169	0	0
id-u	application	kvm	15	117052847	1781000	17647000	13	4	0	0
printf	application	ptrace	15	116864733	1498000	50951000	380	101	0	0
printf	application	kvm	15	166589704	2645000	15016000	13	5	0	0
cat-stream	throughput	ptrace	15	467582800	1675000	197010000	1699	426	0	16777216
cat-stream	throughput	kvm	15	217390112	10332000	17513000	13	10	0	16777216
syscall-baseline	microbaseline	ptrace	15	167011662	2514000	47145000	350	87	0	0
syscall-baseline	microbaseline	kvm	15	168581315	3169000	13643000	12	18	0	0
syscall-loop	syscall	ptrace	15	11084974669	67548000	5431520000	47170	15222	10000	0
syscall-loop	syscall	kvm	15	819117431	73366000	83876000	13	51	10000	0
pipe-baseline	microbaseline	ptrace	15	167288992	2915000	49753000	368	102	0	0
pipe-baseline	microbaseline	kvm	15	219667736	1876000	22940000	13	8	0	0
pipe-roundtrip	boundary	ptrace	15	2231833400	25595000	1122772000	9836	3106	2000	0
pipe-roundtrip	boundary	kvm	15	418416023	58564000	29424000	12	60	2000	0
